Timestamp,Heart Rate (bpm),Respiration Rate (bpm),Body Temperature (°C),Motion Activity (Level),Activity Type,Injury Risk Level
2024-12-18 10:00:00,162,24,36.49423791503438,3,Cycling,0
2024-12-18 10:00:01,111,18,38.05497932855532,1,Walking,1
2024-12-18 10:00:02,152,15,37.69647332967088,2,Running,2
2024-12-18 10:00:03,74,24,37.35535701944589,1,Walking,0
2024-12-18 10:00:04,166,12,36.961193161896404,0,Rest,0
2024-12-18 10:00:05,131,19,38.20528129795146,2,Running,2
2024-12-18 10:00:06,120,25,37.04186825781433,3,Cycling,0
2024-12-18 10:00:07,80,27,38.059838654731784,0,Rest,0
2024-12-18 10:00:08,162,25,37.153923780568526,0,Rest,0
2024-12-18 10:00:09,142,23,37.00466663061978,3,Cycling,0
2024-12-18 10:00:10,146,26,37.21043148560705,3,Cycling,0
2024-12-18 10:00:11,134,13,36.823306897993945,1,Walking,1
2024-12-18 10:00:12,134,13,37.894262512423005,2,Running,2
2024-12-18 10:00:13,147,28,37.30652893622195,3,Cycling,0
2024-12-18 10:00:14,176,21,36.657310468352364,3,Cycling,0
2024-12-18 10:00:15,159,17,38.258978975858966,2,Running,2
2024-12-18 10:00:16,163,26,37.02133893129571,3,Cycling,0
2024-12-18 10:00:17,83,22,37.40452686667357,3,Cycling,0
2024-12-18 10:00:18,62,16,38.275533066314914,1,Walking,0
2024-12-18 10:00:19,81,12,37.59817119019358,0,Rest,0
2024-12-18 10:00:20,112,19,36.38055529770008,0,Rest,0
2024-12-18 10:00:21,61,23,38.35559709667234,0,Rest,0
2024-12-18 10:00:22,147,23,37.6064993273714,0,Rest,0
2024-12-18 10:00:23,167,16,36.903773475177005,3,Cycling,0
2024-12-18 10:00:24,89,18,36.43425297439213,2,Running,0
2024-12-18 10:00:25,97,15,38.00566045424871,2,Running,0
2024-12-18 10:00:26,61,17,37.588174614228436,1,Walking,0
2024-12-18 10:00:27,123,24,37.38030662074317,1,Walking,1
2024-12-18 10:00:28,119,26,38.2453421993223,3,Cycling,0
2024-12-18 10:00:29,80,14,37.99263330693888,2,Running,0
2024-12-18 10:00:30,92,19,36.4640197113586,2,Running,0
2024-12-18 10:00:31,135,27,36.848132962709315,0,Rest,0
2024-12-18 10:00:32,117,24,36.69637393555472,3,Cycling,0
2024-12-18 10:00:33,81,29,37.88547110217443,3,Cycling,0
2024-12-18 10:00:34,167,21,36.18047784336587,0,Rest,0
2024-12-18 10:00:35,148,28,37.46773524369116,3,Cycling,0
2024-12-18 10:00:36,108,16,37.92990084577766,3,Cycling,0
2024-12-18 10:00:37,150,20,38.2042375282282,1,Walking,1
2024-12-18 10:00:38,118,23,36.92099619691818,2,Running,0
2024-12-18 10:00:39,101,12,38.07101753121283,3,Cycling,0
2024-12-18 10:00:40,151,12,36.3655161686925,1,Walking,1
2024-12-18 10:00:41,119,26,38.131485500162846,2,Running,0
2024-12-18 10:00:42,139,13,36.40597278959676,0,Rest,0
2024-12-18 10:00:43,74,27,37.053489497344884,1,Walking,0
2024-12-18 10:00:44,121,19,38.013508877870926,1,Walking,1
2024-12-18 10:00:45,121,24,36.45980182563706,2,Running,2
2024-12-18 10:00:46,106,12,36.65020334855834,0,Rest,0
2024-12-18 10:00:47,121,27,37.83340616414336,1,Walking,1
2024-12-18 10:00:48,110,18,37.82808768771058,3,Cycling,0
2024-12-18 10:00:49,167,16,37.63875431892471,3,Cycling,0
2024-12-18 10:00:50,114,14,37.76547626672104,3,Cycling,0
2024-12-18 10:00:51,175,23,37.40253866403423,0,Rest,0
2024-12-18 10:00:52,123,27,36.704317741376684,1,Walking,1
2024-12-18 10:00:53,62,16,36.929670384409405,3,Cycling,0
2024-12-18 10:00:54,160,25,36.53583452032342,0,Rest,0
2024-12-18 10:00:55,110,16,38.280281347200706,3,Cycling,0
2024-12-18 10:00:56,66,26,37.50014030743869,2,Running,0
2024-12-18 10:00:57,80,28,37.06204340023274,1,Walking,0
2024-12-18 10:00:58,132,25,37.20881392874592,1,Walking,1
2024-12-18 10:00:59,98,16,38.37348001506836,0,Rest,0
2024-12-18 10:01:00,77,23,36.46804336747859,0,Rest,0
2024-12-18 10:01:01,63,27,37.50695159684032,1,Walking,0
2024-12-18 10:01:02,148,27,37.314132829322716,3,Cycling,0
2024-12-18 10:01:03,119,18,37.567490165043154,3,Cycling,0
2024-12-18 10:01:04,73,15,36.14346444117002,2,Running,0
2024-12-18 10:01:05,173,12,38.19309738146596,3,Cycling,0
2024-12-18 10:01:06,68,16,38.33708387796067,0,Rest,0
2024-12-18 10:01:07,149,21,37.456319640614105,0,Rest,0
2024-12-18 10:01:08,112,16,37.77196197730454,3,Cycling,0
2024-12-18 10:01:09,61,15,38.31399851482551,0,Rest,0
2024-12-18 10:01:10,143,13,37.79737272235216,1,Walking,1
2024-12-18 10:01:11,151,21,36.46609370299423,1,Walking,1
2024-12-18 10:01:12,170,12,37.48309206440035,3,Cycling,0
2024-12-18 10:01:13,119,16,37.55611611131886,1,Walking,1
2024-12-18 10:01:14,130,24,37.11791361112573,1,Walking,1
2024-12-18 10:01:15,103,15,37.86746616549934,2,Running,0
2024-12-18 10:01:16,67,27,38.342480835445635,2,Running,0
2024-12-18 10:01:17,106,27,38.32136443097626,1,Walking,1
2024-12-18 10:01:18,94,13,37.18201449136992,3,Cycling,0
2024-12-18 10:01:19,137,28,36.37177131001781,2,Running,2
2024-12-18 10:01:20,140,23,38.4636188775096,0,Rest,0
2024-12-18 10:01:21,95,29,38.113355407470245,0,Rest,0
2024-12-18 10:01:22,109,14,36.39919043488784,0,Rest,0
2024-12-18 10:01:23,163,12,38.310020518281696,3,Cycling,0
2024-12-18 10:01:24,63,12,38.18775126894911,1,Walking,0
2024-12-18 10:01:25,61,22,37.345211337102576,0,Rest,0
2024-12-18 10:01:26,65,16,37.51906104578783,3,Cycling,0
2024-12-18 10:01:27,113,23,37.05760648928831,2,Running,0
2024-12-18 10:01:28,165,14,36.231427933172874,1,Walking,1
2024-12-18 10:01:29,63,12,36.90447337995016,2,Running,0
2024-12-18 10:01:30,113,12,38.02684827663523,3,Cycling,0
2024-12-18 10:01:31,152,19,36.11111685521105,0,Rest,0
2024-12-18 10:01:32,122,21,36.900398012058744,0,Rest,0
2024-12-18 10:01:33,77,22,37.05560486461827,3,Cycling,0
2024-12-18 10:01:34,149,23,37.38974944705102,0,Rest,0
2024-12-18 10:01:35,103,24,38.30765347939062,1,Walking,1
2024-12-18 10:01:36,93,23,36.931230386478305,3,Cycling,0
2024-12-18 10:01:37,133,25,36.93268768455095,2,Running,2
2024-12-18 10:01:38,121,13,37.870002995463395,3,Cycling,0
2024-12-18 10:01:39,159,29,37.18532305813554,1,Walking,1
2024-12-18 10:01:40,73,14,36.63905157505596,1,Walking,0
2024-12-18 10:01:41,154,28,37.18585483871846,3,Cycling,0
2024-12-18 10:01:42,107,19,36.43805684891152,3,Cycling,0
2024-12-18 10:01:43,74,21,36.523328767614935,0,Rest,0
2024-12-18 10:01:44,131,13,37.296082654574754,1,Walking,1
2024-12-18 10:01:45,137,20,37.10542107881091,3,Cycling,0
2024-12-18 10:01:46,146,18,38.29563016256344,3,Cycling,0
2024-12-18 10:01:47,121,15,36.96974535787992,1,Walking,1
2024-12-18 10:01:48,99,29,37.4934120406673,3,Cycling,0
2024-12-18 10:01:49,144,24,37.61743429100687,0,Rest,0
2024-12-18 10:01:50,139,22,36.131426695812,1,Walking,1
2024-12-18 10:01:51,168,15,37.692489692840105,0,Rest,0
2024-12-18 10:01:52,141,15,36.527286320487406,0,Rest,0
2024-12-18 10:01:53,170,21,38.40656876192669,0,Rest,0
2024-12-18 10:01:54,112,16,36.45679054660747,0,Rest,0
2024-12-18 10:01:55,83,20,37.09509789694486,1,Walking,0
2024-12-18 10:01:56,85,14,36.304839203388745,0,Rest,0
2024-12-18 10:01:57,148,28,38.49249820443028,0,Rest,0
2024-12-18 10:01:58,119,14,37.305268024794984,3,Cycling,0
2024-12-18 10:01:59,168,27,37.528924041568104,1,Walking,1
2024-12-18 10:02:00,100,15,36.26098354573223,1,Walking,0
2024-12-18 10:02:01,88,29,37.899905128958025,2,Running,0
2024-12-18 10:02:02,74,28,36.60377342342941,1,Walking,0
2024-12-18 10:02:03,104,18,38.25533029465771,1,Walking,1
2024-12-18 10:02:04,124,16,36.592335137156816,2,Running,2
2024-12-18 10:02:05,148,23,36.5576505295928,1,Walking,1
2024-12-18 10:02:06,130,28,36.18771920283543,1,Walking,1
2024-12-18 10:02:07,68,24,37.232960668264,1,Walking,0
2024-12-18 10:02:08,147,14,37.455618719830284,1,Walking,1
2024-12-18 10:02:09,60,20,36.257700734628045,2,Running,0
2024-12-18 10:02:10,167,28,37.961266280068024,1,Walking,1
2024-12-18 10:02:11,67,28,37.18789320339527,1,Walking,0
2024-12-18 10:02:12,147,27,37.35853664638619,2,Running,2
2024-12-18 10:02:13,122,24,37.15783059265175,3,Cycling,0
2024-12-18 10:02:14,70,28,37.06183134610078,0,Rest,0
2024-12-18 10:02:15,174,15,37.44313679513972,3,Cycling,0
2024-12-18 10:02:16,140,23,36.472576590233714,2,Running,2
2024-12-18 10:02:17,67,20,36.536627513188655,0,Rest,0
2024-12-18 10:02:18,94,23,38.16828549043244,2,Running,0
2024-12-18 10:02:19,94,20,38.37067710912072,2,Running,0
2024-12-18 10:02:20,92,18,36.99594235907141,1,Walking,0
2024-12-18 10:02:21,64,25,36.74978721554453,0,Rest,0
2024-12-18 10:02:22,165,26,37.64559890377364,1,Walking,1
2024-12-18 10:02:23,162,27,37.08096201063543,0,Rest,0
2024-12-18 10:02:24,100,16,36.16092725358483,2,Running,0
2024-12-18 10:02:25,87,14,36.47476623367886,2,Running,0
2024-12-18 10:02:26,66,23,37.818333349233754,3,Cycling,0
2024-12-18 10:02:27,132,15,37.68141746058436,0,Rest,0
2024-12-18 10:02:28,131,27,36.16503038200836,1,Walking,1
2024-12-18 10:02:29,71,18,36.63273318863908,3,Cycling,0
2024-12-18 10:02:30,93,24,36.65457951181137,3,Cycling,0
2024-12-18 10:02:31,92,21,37.71254258463695,3,Cycling,0
2024-12-18 10:02:32,107,18,36.147305290610475,1,Walking,1
2024-12-18 10:02:33,178,25,36.34986059676298,3,Cycling,0
2024-12-18 10:02:34,82,16,38.019798604895655,1,Walking,0
2024-12-18 10:02:35,121,14,36.528507188930405,3,Cycling,0
2024-12-18 10:02:36,147,22,37.6665906588445,1,Walking,1
2024-12-18 10:02:37,96,22,36.671638674512145,2,Running,0
2024-12-18 10:02:38,158,29,36.33865934262243,2,Running,2
2024-12-18 10:02:39,103,26,36.683613258398694,2,Running,0
2024-12-18 10:02:40,163,23,37.83344063645358,2,Running,2
2024-12-18 10:02:41,145,20,38.15367152345509,2,Running,2
2024-12-18 10:02:42,150,21,38.09252767496078,3,Cycling,0
2024-12-18 10:02:43,94,23,37.053240471084294,3,Cycling,0
2024-12-18 10:02:44,124,28,37.703404327769555,3,Cycling,0
2024-12-18 10:02:45,158,17,36.59196230899797,1,Walking,1
2024-12-18 10:02:46,160,18,36.80355455262643,1,Walking,1
2024-12-18 10:02:47,106,25,38.25120596445069,1,Walking,1
2024-12-18 10:02:48,137,24,36.13120461642577,1,Walking,1
2024-12-18 10:02:49,62,19,36.30522047405073,2,Running,0
2024-12-18 10:02:50,60,21,36.598927012350465,2,Running,0
2024-12-18 10:02:51,64,20,36.16367728929717,2,Running,0
2024-12-18 10:02:52,149,29,36.535445044215514,0,Rest,0
2024-12-18 10:02:53,178,13,37.49929974632726,3,Cycling,0
2024-12-18 10:02:54,73,16,37.11141892142199,1,Walking,0
2024-12-18 10:02:55,162,16,38.24241210658474,1,Walking,1
2024-12-18 10:02:56,86,17,38.06186454817226,2,Running,0
2024-12-18 10:02:57,68,19,36.9203616440749,1,Walking,0
2024-12-18 10:02:58,138,27,36.722616240235105,1,Walking,1
2024-12-18 10:02:59,74,24,37.01126177960144,3,Cycling,0
2024-12-18 10:03:00,149,12,37.51670786203554,2,Running,2
2024-12-18 10:03:01,101,28,36.7433527379749,3,Cycling,0
2024-12-18 10:03:02,136,18,37.597957378837926,0,Rest,0
2024-12-18 10:03:03,110,24,37.08258796525898,0,Rest,0
2024-12-18 10:03:04,122,15,37.42491323404475,0,Rest,0
2024-12-18 10:03:05,155,15,37.14670366992476,2,Running,2
2024-12-18 10:03:06,162,17,36.8067178229006,1,Walking,1
2024-12-18 10:03:07,172,23,38.376287936709176,2,Running,2
2024-12-18 10:03:08,111,18,37.93265390598343,2,Running,0
2024-12-18 10:03:09,155,21,36.43627162183949,1,Walking,1
2024-12-18 10:03:10,63,18,38.184323142154994,3,Cycling,0
2024-12-18 10:03:11,153,14,37.269834875798836,0,Rest,0
2024-12-18 10:03:12,160,24,38.24692534454582,3,Cycling,0
2024-12-18 10:03:13,82,24,38.019652614273554,0,Rest,0
2024-12-18 10:03:14,162,29,37.120512410726164,2,Running,2
2024-12-18 10:03:15,168,19,36.15392633996829,0,Rest,0
2024-12-18 10:03:16,74,20,36.74482566252387,2,Running,0
2024-12-18 10:03:17,102,18,37.39992211518608,3,Cycling,0
2024-12-18 10:03:18,88,12,37.620347727582754,2,Running,0
2024-12-18 10:03:19,95,14,36.71893044503969,3,Cycling,0
2024-12-18 10:03:20,72,24,36.43445457777478,1,Walking,0
2024-12-18 10:03:21,91,28,38.10383256831832,1,Walking,0
2024-12-18 10:03:22,130,12,38.46256523368852,1,Walking,1
2024-12-18 10:03:23,118,17,37.36165643752645,2,Running,0
2024-12-18 10:03:24,174,17,36.51203028603593,1,Walking,1
2024-12-18 10:03:25,145,23,36.753537583646484,0,Rest,0
2024-12-18 10:03:26,87,24,36.144137623713924,3,Cycling,0
2024-12-18 10:03:27,125,24,38.294317135745196,3,Cycling,0
2024-12-18 10:03:28,101,26,36.38260259893634,0,Rest,0
2024-12-18 10:03:29,104,27,37.48363954123421,2,Running,0
2024-12-18 10:03:30,121,22,36.757732529649296,2,Running,2
2024-12-18 10:03:31,116,16,37.430027206037906,3,Cycling,0
2024-12-18 10:03:32,176,15,37.663408932044476,1,Walking,1
2024-12-18 10:03:33,65,14,38.09138032889729,2,Running,0
2024-12-18 10:03:34,87,29,36.59541105222545,2,Running,0
2024-12-18 10:03:35,87,26,36.12638998878035,0,Rest,0
2024-12-18 10:03:36,167,20,36.42852551216514,0,Rest,0
2024-12-18 10:03:37,103,28,38.260044740435454,1,Walking,1
2024-12-18 10:03:38,143,25,38.19733618615004,2,Running,2
2024-12-18 10:03:39,89,26,37.53379144520874,2,Running,0
2024-12-18 10:03:40,121,12,37.54124046504077,0,Rest,0
2024-12-18 10:03:41,134,14,37.69608801891101,2,Running,2
2024-12-18 10:03:42,178,27,36.52089106869628,3,Cycling,0
2024-12-18 10:03:43,151,22,38.2945886702199,0,Rest,0
2024-12-18 10:03:44,148,23,37.10504925974097,1,Walking,1
2024-12-18 10:03:45,162,21,37.0195324677988,0,Rest,0
2024-12-18 10:03:46,121,27,37.34540249267881,2,Running,2
2024-12-18 10:03:47,156,19,36.21271832026013,1,Walking,1
2024-12-18 10:03:48,60,17,36.49908008501459,0,Rest,0
2024-12-18 10:03:49,86,23,37.871280679423286,3,Cycling,0
2024-12-18 10:03:50,121,19,36.298716803020305,3,Cycling,0
2024-12-18 10:03:51,175,15,37.54756506271933,0,Rest,0
2024-12-18 10:03:52,136,19,36.68883786323517,3,Cycling,0
2024-12-18 10:03:53,164,29,37.034309473700745,3,Cycling,0
2024-12-18 10:03:54,62,16,36.79286496824968,3,Cycling,0
2024-12-18 10:03:55,162,20,36.95361451951588,1,Walking,1
2024-12-18 10:03:56,129,15,37.82571017244219,3,Cycling,0
2024-12-18 10:03:57,131,28,36.81309211749562,3,Cycling,0
2024-12-18 10:03:58,86,20,37.459371136712555,3,Cycling,0
2024-12-18 10:03:59,68,12,37.24252096527784,1,Walking,0
2024-12-18 10:04:00,121,24,37.692810796870354,0,Rest,0
2024-12-18 10:04:01,96,27,38.34839137437942,2,Running,0
2024-12-18 10:04:02,156,24,37.8581730333046,3,Cycling,0
2024-12-18 10:04:03,110,25,36.615856908617815,0,Rest,0
2024-12-18 10:04:04,165,14,36.17483952414708,3,Cycling,0
2024-12-18 10:04:05,103,17,36.72943370631958,1,Walking,1
2024-12-18 10:04:06,83,29,37.52818703368061,0,Rest,0
2024-12-18 10:04:07,138,16,36.2234219523622,1,Walking,1
2024-12-18 10:04:08,118,26,37.291278993282965,3,Cycling,0
2024-12-18 10:04:09,177,13,37.53242283740053,3,Cycling,0
2024-12-18 10:04:10,91,21,36.90218533796071,1,Walking,0
2024-12-18 10:04:11,155,29,37.950189288989975,2,Running,2
2024-12-18 10:04:12,147,24,36.35583580752105,1,Walking,1
2024-12-18 10:04:13,164,16,36.280330676165946,3,Cycling,0
2024-12-18 10:04:14,111,12,37.84765301488865,1,Walking,1
2024-12-18 10:04:15,172,12,37.289179158894875,2,Running,2
2024-12-18 10:04:16,121,29,37.75216575142657,1,Walking,1
2024-12-18 10:04:17,172,26,37.14358561264899,2,Running,2
2024-12-18 10:04:18,117,28,36.69136487977386,2,Running,0
2024-12-18 10:04:19,111,22,38.065845562418076,1,Walking,1
2024-12-18 10:04:20,71,28,38.01859810952555,1,Walking,0
2024-12-18 10:04:21,98,24,37.76727153005062,0,Rest,0
2024-12-18 10:04:22,61,12,36.75314832935191,3,Cycling,0
2024-12-18 10:04:23,62,13,37.51655360048581,2,Running,0
2024-12-18 10:04:24,172,20,36.96633735265606,0,Rest,0
2024-12-18 10:04:25,160,14,36.31979697598393,1,Walking,1
2024-12-18 10:04:26,172,12,38.301552581109384,3,Cycling,0
2024-12-18 10:04:27,115,27,36.42836471420551,0,Rest,0
2024-12-18 10:04:28,140,17,38.38056964916993,2,Running,2
2024-12-18 10:04:29,118,28,37.17041385509909,0,Rest,0
2024-12-18 10:04:30,172,16,36.54431902921269,2,Running,2
2024-12-18 10:04:31,61,16,37.40056227370806,1,Walking,0
2024-12-18 10:04:32,61,17,38.19507000610338,3,Cycling,0
2024-12-18 10:04:33,151,14,37.85733972738295,3,Cycling,0
2024-12-18 10:04:34,113,16,38.03574675486748,3,Cycling,0
2024-12-18 10:04:35,146,16,37.68108008010572,1,Walking,1
2024-12-18 10:04:36,160,21,37.76146375484284,2,Running,2
2024-12-18 10:04:37,155,21,38.138069563756765,1,Walking,1
2024-12-18 10:04:38,156,28,36.699203221262046,3,Cycling,0
2024-12-18 10:04:39,60,25,37.27461991274354,1,Walking,0
2024-12-18 10:04:40,78,20,36.63090266036705,1,Walking,0
2024-12-18 10:04:41,61,25,38.47040321919195,1,Walking,0
2024-12-18 10:04:42,112,12,38.36574241524787,2,Running,0
2024-12-18 10:04:43,103,24,36.19462434728442,0,Rest,0
2024-12-18 10:04:44,149,24,37.79338041403765,0,Rest,0
2024-12-18 10:04:45,91,15,38.3205959617976,1,Walking,0
2024-12-18 10:04:46,129,12,36.5333808283056,0,Rest,0
2024-12-18 10:04:47,91,28,37.46306855332631,0,Rest,0
2024-12-18 10:04:48,178,19,38.2971719142113,1,Walking,1
2024-12-18 10:04:49,127,13,36.18147034860592,1,Walking,1
2024-12-18 10:04:50,114,19,37.773808641392414,3,Cycling,0
2024-12-18 10:04:51,134,18,36.81363761769412,0,Rest,0
2024-12-18 10:04:52,115,13,38.31855086890367,2,Running,0
2024-12-18 10:04:53,76,14,38.430539788396885,1,Walking,0
2024-12-18 10:04:54,97,29,38.36623957387224,3,Cycling,0
2024-12-18 10:04:55,83,23,37.238114119977915,2,Running,0
2024-12-18 10:04:56,128,12,38.168902362374354,0,Rest,0
2024-12-18 10:04:57,175,23,38.12691855648417,3,Cycling,0
2024-12-18 10:04:58,157,16,36.86584113578382,1,Walking,1
2024-12-18 10:04:59,129,28,38.089397137961626,2,Running,2
2024-12-18 10:05:00,145,27,36.188818323317186,1,Walking,1
2024-12-18 10:05:01,70,26,37.53104770835693,0,Rest,0
2024-12-18 10:05:02,171,26,36.652021209490485,2,Running,2
2024-12-18 10:05:03,75,16,36.38936052586547,0,Rest,0
2024-12-18 10:05:04,156,25,36.2846876839101,0,Rest,0
2024-12-18 10:05:05,132,13,37.77109306210754,3,Cycling,0
2024-12-18 10:05:06,118,22,36.91569991304336,1,Walking,1
2024-12-18 10:05:07,129,18,37.839440251669025,2,Running,2
2024-12-18 10:05:08,139,17,36.25685521791746,0,Rest,0
2024-12-18 10:05:09,152,13,36.856696810793466,0,Rest,0
2024-12-18 10:05:10,62,17,37.39477910170081,2,Running,0
2024-12-18 10:05:11,79,29,37.99773559561351,0,Rest,0
2024-12-18 10:05:12,118,13,36.86500600703697,3,Cycling,0
2024-12-18 10:05:13,95,29,37.60213930344882,3,Cycling,0
2024-12-18 10:05:14,78,26,38.22634659576685,3,Cycling,0
2024-12-18 10:05:15,149,13,37.57807165163753,3,Cycling,0
2024-12-18 10:05:16,126,17,36.65910273940872,0,Rest,0
2024-12-18 10:05:17,78,12,36.15856187573569,2,Running,0
2024-12-18 10:05:18,79,26,38.188237297362235,2,Running,0
2024-12-18 10:05:19,155,21,36.151046586040934,2,Running,2
2024-12-18 10:05:20,130,28,38.19928401444208,2,Running,2
2024-12-18 10:05:21,111,16,37.36944912166531,1,Walking,1
2024-12-18 10:05:22,164,15,38.35376247643095,2,Running,2
2024-12-18 10:05:23,92,21,38.0170797658568,1,Walking,0
2024-12-18 10:05:24,99,28,38.49504186528001,1,Walking,0
2024-12-18 10:05:25,98,21,36.9417083570841,3,Cycling,0
2024-12-18 10:05:26,141,28,37.9412518934347,1,Walking,1
2024-12-18 10:05:27,163,16,37.06463419266218,0,Rest,0
2024-12-18 10:05:28,60,13,37.25170148872938,1,Walking,0
2024-12-18 10:05:29,70,17,37.60601311172409,3,Cycling,0
2024-12-18 10:05:30,151,13,38.19682507404721,1,Walking,1
2024-12-18 10:05:31,116,24,38.46180032607831,0,Rest,0
2024-12-18 10:05:32,148,22,37.94385619327485,0,Rest,0
2024-12-18 10:05:33,109,22,37.1026402772016,0,Rest,0
2024-12-18 10:05:34,82,27,37.11125680546497,3,Cycling,0
2024-12-18 10:05:35,90,22,37.87019752381334,3,Cycling,0
2024-12-18 10:05:36,153,26,36.67306514984393,2,Running,2
2024-12-18 10:05:37,101,27,36.36513787151535,3,Cycling,0
2024-12-18 10:05:38,158,22,36.951093178337864,0,Rest,0
2024-12-18 10:05:39,66,27,36.7893735799698,0,Rest,0
2024-12-18 10:05:40,75,19,36.81113948909438,3,Cycling,0
2024-12-18 10:05:41,149,15,36.66065860251979,1,Walking,1
2024-12-18 10:05:42,171,19,36.20102365512727,3,Cycling,0
2024-12-18 10:05:43,175,15,36.1428974433602,3,Cycling,0
2024-12-18 10:05:44,119,14,38.47053373536647,0,Rest,0
2024-12-18 10:05:45,172,14,37.12665552096607,2,Running,2
2024-12-18 10:05:46,61,29,37.02238395318324,0,Rest,0
2024-12-18 10:05:47,60,16,37.73115347846337,2,Running,0
2024-12-18 10:05:48,107,29,36.623809330876156,0,Rest,0
2024-12-18 10:05:49,71,21,38.37990684148054,3,Cycling,0
2024-12-18 10:05:50,128,17,37.98722803459732,0,Rest,0
2024-12-18 10:05:51,96,12,36.31458640554943,0,Rest,0
2024-12-18 10:05:52,91,16,37.102193861883826,0,Rest,0
2024-12-18 10:05:53,178,20,38.2098839381492,3,Cycling,0
2024-12-18 10:05:54,68,23,38.36735685349939,3,Cycling,0
2024-12-18 10:05:55,164,25,37.22176362699969,3,Cycling,0
2024-12-18 10:05:56,158,13,37.5721873341057,3,Cycling,0
2024-12-18 10:05:57,78,28,36.50088147062098,2,Running,0
2024-12-18 10:05:58,107,25,38.478804702728745,2,Running,0
2024-12-18 10:05:59,139,24,36.65601208332026,1,Walking,1
2024-12-18 10:06:00,62,20,38.362556257924304,3,Cycling,0
2024-12-18 10:06:01,79,26,37.659151957581685,2,Running,0
2024-12-18 10:06:02,83,26,37.558568307709265,0,Rest,0
2024-12-18 10:06:03,113,22,37.33045242643962,3,Cycling,0
2024-12-18 10:06:04,179,27,36.65360754812262,1,Walking,1
2024-12-18 10:06:05,92,28,36.52366727681322,1,Walking,0
2024-12-18 10:06:06,83,15,36.62916690176842,1,Walking,0
2024-12-18 10:06:07,175,12,36.54745182914621,0,Rest,0
2024-12-18 10:06:08,134,19,37.97100273656021,2,Running,2
2024-12-18 10:06:09,172,28,36.94030062200015,0,Rest,0
2024-12-18 10:06:10,131,14,36.238822423752154,3,Cycling,0
2024-12-18 10:06:11,95,26,38.425846312337946,1,Walking,0
2024-12-18 10:06:12,97,26,38.22108612391222,0,Rest,0
2024-12-18 10:06:13,163,25,38.32660547966851,0,Rest,0
2024-12-18 10:06:14,143,25,38.48777877435145,2,Running,2
2024-12-18 10:06:15,158,13,36.51734859812677,2,Running,2
2024-12-18 10:06:16,171,24,37.05098084536638,1,Walking,1
2024-12-18 10:06:17,148,25,37.91977234168982,0,Rest,0
2024-12-18 10:06:18,158,18,37.7704494833291,0,Rest,0
2024-12-18 10:06:19,84,14,36.46935017521565,2,Running,0
2024-12-18 10:06:20,152,26,38.057999499977484,0,Rest,0
2024-12-18 10:06:21,77,25,36.638657372407984,0,Rest,0
2024-12-18 10:06:22,169,22,36.6371622755743,0,Rest,0
2024-12-18 10:06:23,141,26,37.388738614944195,2,Running,2
2024-12-18 10:06:24,125,24,37.523055843620085,1,Walking,1
2024-12-18 10:06:25,113,29,37.49220689881075,3,Cycling,0
2024-12-18 10:06:26,94,17,36.319568409754616,1,Walking,0
2024-12-18 10:06:27,139,14,38.20590607031291,3,Cycling,0
2024-12-18 10:06:28,120,26,36.737440102212894,0,Rest,0
2024-12-18 10:06:29,100,16,36.410835811078734,1,Walking,0
2024-12-18 10:06:30,159,21,38.23299539168555,3,Cycling,0
2024-12-18 10:06:31,92,18,38.39356359575141,2,Running,0
2024-12-18 10:06:32,127,28,38.16910628143708,2,Running,2
2024-12-18 10:06:33,92,18,38.04283857933971,1,Walking,0
2024-12-18 10:06:34,73,23,37.67258075353365,1,Walking,0
2024-12-18 10:06:35,80,28,37.42205768946194,0,Rest,0
2024-12-18 10:06:36,107,24,36.30876822378738,1,Walking,1
2024-12-18 10:06:37,79,15,37.08028771136968,0,Rest,0
2024-12-18 10:06:38,179,21,36.994452440829555,0,Rest,0
2024-12-18 10:06:39,67,14,36.72340908102478,2,Running,0
2024-12-18 10:06:40,66,20,37.8362082728526,2,Running,0
2024-12-18 10:06:41,126,24,37.29010176418905,3,Cycling,0
2024-12-18 10:06:42,76,29,36.294510918178354,2,Running,0
2024-12-18 10:06:43,92,26,36.62843968467955,2,Running,0
2024-12-18 10:06:44,107,15,37.73982103278303,1,Walking,1
2024-12-18 10:06:45,135,26,36.28271406277672,2,Running,2
2024-12-18 10:06:46,118,13,38.14289659371705,3,Cycling,0
2024-12-18 10:06:47,174,26,37.28835166483354,1,Walking,1
2024-12-18 10:06:48,145,19,37.25340778558395,3,Cycling,0
2024-12-18 10:06:49,178,19,37.521778683182845,2,Running,2
2024-12-18 10:06:50,81,28,38.07923431822036,3,Cycling,0
2024-12-18 10:06:51,169,23,36.934742098965266,1,Walking,1
2024-12-18 10:06:52,89,21,37.72723876614175,0,Rest,0
2024-12-18 10:06:53,97,20,37.4577567135899,3,Cycling,0
2024-12-18 10:06:54,161,16,36.74086784840661,3,Cycling,0
2024-12-18 10:06:55,168,17,38.20871196725238,1,Walking,1
2024-12-18 10:06:56,110,13,38.013822451856626,1,Walking,1
2024-12-18 10:06:57,113,24,37.680284403180224,3,Cycling,0
2024-12-18 10:06:58,67,17,38.14139614982618,2,Running,0
2024-12-18 10:06:59,86,16,38.18150608230353,3,Cycling,0
2024-12-18 10:07:00,86,12,37.80007114411608,1,Walking,0
2024-12-18 10:07:01,157,17,38.108831988072815,0,Rest,0
2024-12-18 10:07:02,80,17,37.77393150800628,0,Rest,0
2024-12-18 10:07:03,89,27,37.732337852224724,2,Running,0
2024-12-18 10:07:04,156,15,37.584667307716444,3,Cycling,0
2024-12-18 10:07:05,87,22,37.90651993493834,0,Rest,0
2024-12-18 10:07:06,170,20,36.48065225270338,3,Cycling,0
2024-12-18 10:07:07,123,14,38.214089822077426,1,Walking,1
2024-12-18 10:07:08,156,19,38.192424466588555,0,Rest,0
2024-12-18 10:07:09,128,16,36.17019347928294,2,Running,2
2024-12-18 10:07:10,120,15,38.08196020135543,1,Walking,1
2024-12-18 10:07:11,107,17,36.40928768193627,2,Running,0
2024-12-18 10:07:12,78,13,36.90428525022194,1,Walking,0
2024-12-18 10:07:13,63,22,37.88441981509986,0,Rest,0
2024-12-18 10:07:14,94,15,36.48582375051594,2,Running,0
2024-12-18 10:07:15,123,26,38.06312085788575,2,Running,2
2024-12-18 10:07:16,108,17,38.09712202709858,1,Walking,1
2024-12-18 10:07:17,76,28,37.31792256102601,2,Running,0
2024-12-18 10:07:18,103,17,36.115326092120405,1,Walking,1
2024-12-18 10:07:19,151,13,36.78889151961979,1,Walking,1
2024-12-18 10:07:20,89,26,37.58062460410178,1,Walking,0
2024-12-18 10:07:21,152,22,38.45484682726582,1,Walking,1
2024-12-18 10:07:22,105,19,37.616352464840006,0,Rest,0
2024-12-18 10:07:23,176,24,36.72352859455398,1,Walking,1
2024-12-18 10:07:24,65,23,37.621613687439066,3,Cycling,0
2024-12-18 10:07:25,158,16,37.39596491131805,2,Running,2
2024-12-18 10:07:26,164,17,37.97162894836274,3,Cycling,0
2024-12-18 10:07:27,96,15,36.3567535331847,0,Rest,0
2024-12-18 10:07:28,83,12,37.92646696600487,3,Cycling,0
2024-12-18 10:07:29,152,28,37.39903978882266,2,Running,2
2024-12-18 10:07:30,172,23,38.41118080926159,3,Cycling,0
2024-12-18 10:07:31,105,26,36.92049319849285,0,Rest,0
2024-12-18 10:07:32,112,12,37.61829254352148,1,Walking,1
2024-12-18 10:07:33,154,25,38.336867453224045,3,Cycling,0
2024-12-18 10:07:34,158,17,36.346023347177635,0,Rest,0
2024-12-18 10:07:35,119,16,38.34934836936748,0,Rest,0
2024-12-18 10:07:36,156,22,37.75092573352195,2,Running,2
2024-12-18 10:07:37,175,15,36.26280894185241,2,Running,2
2024-12-18 10:07:38,122,24,36.82231256067236,3,Cycling,0
2024-12-18 10:07:39,144,22,37.79961301274868,1,Walking,1
2024-12-18 10:07:40,91,14,36.26164144352505,0,Rest,0
2024-12-18 10:07:41,146,12,37.49720910442306,3,Cycling,0
2024-12-18 10:07:42,92,17,36.9301193366871,0,Rest,0
2024-12-18 10:07:43,126,29,37.59019724264195,0,Rest,0
2024-12-18 10:07:44,77,21,36.20978088115003,1,Walking,0
2024-12-18 10:07:45,84,16,38.1916883347657,1,Walking,0
2024-12-18 10:07:46,165,21,38.436373526025754,3,Cycling,0
2024-12-18 10:07:47,154,23,38.42530685268566,1,Walking,1
2024-12-18 10:07:48,113,13,37.89916439618302,1,Walking,1
2024-12-18 10:07:49,117,24,36.41220697631352,3,Cycling,0
2024-12-18 10:07:50,126,19,37.919831670229655,1,Walking,1
2024-12-18 10:07:51,163,13,36.15900859950113,2,Running,2
2024-12-18 10:07:52,105,12,36.153096523669596,0,Rest,0
2024-12-18 10:07:53,83,16,36.8766645259589,0,Rest,0
2024-12-18 10:07:54,173,20,37.2727436569712,0,Rest,0
2024-12-18 10:07:55,91,28,37.9489778027387,0,Rest,0
2024-12-18 10:07:56,106,20,37.739908903855614,3,Cycling,0
2024-12-18 10:07:57,145,22,37.170166495304194,0,Rest,0
2024-12-18 10:07:58,82,26,36.756703999076,0,Rest,0
2024-12-18 10:07:59,125,17,38.493098800378505,0,Rest,0
2024-12-18 10:08:00,86,14,37.122835125366336,0,Rest,0
2024-12-18 10:08:01,165,28,37.18332885839122,2,Running,2
2024-12-18 10:08:02,61,16,36.492697170860005,0,Rest,0
2024-12-18 10:08:03,149,23,38.00754291699983,2,Running,2
2024-12-18 10:08:04,76,29,37.76483734187558,3,Cycling,0
2024-12-18 10:08:05,163,25,36.629847070693025,1,Walking,1
2024-12-18 10:08:06,92,22,36.29771450947803,0,Rest,0
2024-12-18 10:08:07,68,20,37.73319832497931,1,Walking,0
2024-12-18 10:08:08,102,13,37.67082691427473,1,Walking,1
2024-12-18 10:08:09,177,23,36.755822864795704,3,Cycling,0
2024-12-18 10:08:10,107,14,38.38207254940099,1,Walking,1
2024-12-18 10:08:11,98,14,36.462538940274165,2,Running,0
2024-12-18 10:08:12,152,12,37.137603522502246,1,Walking,1
2024-12-18 10:08:13,101,19,38.36467820840224,1,Walking,1
2024-12-18 10:08:14,178,19,37.1073455606227,1,Walking,1
2024-12-18 10:08:15,85,22,37.6324622743938,0,Rest,0
2024-12-18 10:08:16,158,20,37.05422655511071,0,Rest,0
2024-12-18 10:08:17,109,16,36.75811648563681,2,Running,0
2024-12-18 10:08:18,84,25,38.461546355103586,2,Running,0
2024-12-18 10:08:19,83,14,37.0824016151561,0,Rest,0
